{
	"appId": "com.pitbox.app",
	"appName": "PIT-BOX",
	"webDir": "dist",
	"server": {
		"androidScheme": "https",
		"iosScheme": "https",
		"hostname": "pitbox.app",
		"cleartext": true
	},
	"plugins": {
		"SplashScreen": {
			"launchShowDuration": 2000,
			"launchAutoHide": true,
			"backgroundColor": "#1A1A1A",
			"androidSplashResourceName": "splash",
			"androidScaleType": "CENTER_CROP",
			"showSpinner": false,
			"splashFullScreen": true,
			"splashImmersive": true
		},
		"StatusBar": {
			"style": "DARK",
			"backgroundColor": "#1A1A1A"
		},
		"PushNotifications": {
			"presentationOptions": [
				"badge",
				"sound",
				"alert"
			]
		}
	}
}
